{
  "resourceType": "Bundle",
  "id": "h1",
  "type": "collection",
  "entry": [
    {
      "fullUrl": "http://somewhere.org/fhir/uv/myig/Provenance/h1-1",
      "resource": {
        "resourceType": "Provenance",
        "id": "h1-1",
        "text": {
          "status": "generated",
          "div": "<div xmlns=\"http://www.w3.org/1999/xhtml\"><p><b>Generated Narrative</b></p><div style=\"display: inline-block; background-color: #d9e0e7; padding: 6px; margin: 4px; border: 1px solid #8da1b4; border-radius: 5px; line-height: 60%\"><p style=\"margin-bottom: 0px\">Resource \"h1-1\" </p></div><p><b>target</b>: <a href=\"StructureDefinition/myObservation\">StructureDefinition/myObservation</a></p><p><b>occurred</b>: 2015-11-30</p><p><b>recorded</b>: 01-Jan-2020 08:00:00</p><p><b>reason</b>: Add \"conductible\" property to ActRelationshipType and ParticipationType codes.for ContextConduction RIM Change. And create Concept domain CodeSystem and ValueSet for ContextConductionStyle <span style=\"background: LightGoldenRodYellow; margin: 4px; border: 1px solid khaki\"> ()</span></p><p><b>activity</b>: revise <span style=\"background: LightGoldenRodYellow; margin: 4px; border: 1px solid khaki\"> (<a href=\"http://terminology.hl7.org/3.1.0/CodeSystem-v3-DataOperation.html\">DataOperation</a>#UPDATE)</span></p><blockquote><p><b>agent</b></p><p><b>type</b>: Author <span style=\"background: LightGoldenRodYellow; margin: 4px; border: 1px solid khaki\"> (<a href=\"http://terminology.hl7.org/3.1.0/CodeSystem-provenance-participant-type.html\">Provenance participant type</a>#author)</span></p><p><b>who</b>: <span>: Rob Hausam</span></p></blockquote><blockquote><p><b>agent</b></p><p><b>type</b>: Verifier <span style=\"background: LightGoldenRodYellow; margin: 4px; border: 1px solid khaki\"> (<a href=\"http://terminology.hl7.org/3.1.0/CodeSystem-provenance-participant-type.html\">Provenance participant type</a>#verifier)</span></p><p><b>who</b>: <span>: Vocab</span></p></blockquote></div>"
        },
        "target": [
          {
            "reference": "StructureDefinition/myObservation"
          }
        ],
        "occurredDateTime": "2015-11-30",
        "recorded": "2020-01-01T00:00:00.000Z",
        "reason": [
          {
            "text": "Add \"conductible\" property to ActRelationshipType and ParticipationType codes.for ContextConduction RIM Change. And create Concept domain CodeSystem and ValueSet for ContextConductionStyle"
          }
        ],
        "activity": {
          "coding": [
            {
              "system": "http://terminology.hl7.org/CodeSystem/v3-DataOperation",
              "code": "UPDATE"
            }
          ]
        },
        "agent": [
          {
            "type": {
              "coding": [
                {
                  "system": "http://terminology.hl7.org/CodeSystem/provenance-participant-type",
                  "code": "author"
                }
              ]
            },
            "who": {
              "display": "Rob Hausam"
            }
          },
          {
            "type": {
              "coding": [
                {
                  "system": "http://terminology.hl7.org/CodeSystem/provenance-participant-type",
                  "code": "verifier"
                }
              ]
            },
            "who": {
              "display": "Vocab"
            }
          }
        ]
      }
    }
  ]
}