[
  {
    "id": "example.fhir.uv.myig",
    "type": "ImplementationGuide",
    "url": "http://somewhere.org/fhir/uv/myig/ImplementationGuide/example.fhir.uv.myig",
    "version": "0.2.0",
    "name": "YourComputableMyIGNameHere"
  },
  {
    "id": "example",
    "type": "Library",
    "url": "http://somewhere.org/fhir/uv/myig/Library/example",
    "version": "0.2.0",
    "name": "Example"
  },
  {
    "id": "Patient-1",
    "type": "StructureDefinition",
    "url": "https://example.org/fhir/StructureDefinition/Patient",
    "version": "0.2.0",
    "name": "Patient"
  }
]